{
    "Name": "Available template Items",
    "Options": [
        {
            "Name": "Craftable Item",
            "Rows": [
                {
                    "CurrentFile": "Crafting-D_ProcessorRecipes.json",
                    "File_Items": [
                        {
                            "Name": "TempName",
                            "Requirement": {
                                "RowName": "None",
                                "DataTableName": "D_Talents"
                            },
                            "RecipeSets": [
                                {
                                    "RowName": "Character",
                                    "DataTableName": "D_RecipeSets"
                                }
                            ],
                            "ResourceCostMultipliers": [],
                            "Inputs": [
                                {
                                    "Element": {
                                        "RowName": "Wood",
                                        "DataTableName": "D_ItemsStatic"
                                    },
                                    "Count": 0,
                                    "DynamicProperties": []
                                }
                            ],
                            "Outputs": [
                                {
                                    "Element": {
                                        "RowName": "TempName",
                                        "DataTableName": "D_ItemTemplate"
                                    },
                                    "Count": 1,
                                    "DynamicProperties": []
                                }
                            ],
                            "Audio": {
                                "RowName": "Default"
                            }
                        }
                    ]
                },
                {
                    "CurrentFile": "Deployables-D_DeployableSetup.json",
                    "File_Items": [
                        {
                            "Name": "TempName",
                            "DeployableBlueprint": "/Game/BP/BP_TempName.BP_TempName_C",
                            "PreviewStaticMesh": "/Game/ASS/DEP/SM_TempName.SM_TempName",
                            "DeployedSound": "/Game/FMOD/Events/SFX/D_Buildables/SFX_BLD_STONE_SMALL.SFX_BLD_STONE_SMALL",
                            "SupportsCustomRotation": false,
                            "bCanAffectNavigation": false,
                            "MaxRestackingAmount": 1
                        }
                    ]
                },
                {
                    "CurrentFile": "Items-D_ItemsStatic.json",
                    "File_Items": [
                        {
                            "Name": "TempName",
                            "Meshable": {
                                "RowName": "Mesh_TempName"
                            },
                            "Itemable": {
                                "RowName": "Item_TempName"
                            },
                            "Interactable": {
                                "RowName": "Deployable_NoInteract"
                            },
                            "Focusable": {
                                "RowName": "Focusable_1H"
                            },
                            "Highlightable": {
                                "RowName": "Generic"
                            },
                            "Actionable": {
                                "RowName": "Deployable"
                            },
                            "Usable": {
                                "RowName": "Place"
                            },
                            "Deployable": {
                                "RowName": "TempName"
                            },
                            "Durable": {
                                "RowName": "Deployable_100"
                            },
                            "Floatable": {
                                "RowName": "Items"
                            },
                            "Decayable": {
                                "RowName": "Decay_Deployable"
                            },
                            "Weight": {
                                "RowName": "LightDeployable"
                            },
                            "Audio": {
                                "RowName": "Default"
                            },
                            "Generated_Tags": {
                                "GameplayTags": [
                                    {
                                        "TagName": "Traits.Meshable"
                                    },
                                    {
                                        "TagName": "Traits.Itemable"
                                    },
                                    {
                                        "TagName": "Traits.Interactable"
                                    },
                                    {
                                        "TagName": "Traits.Highlightable"
                                    },
                                    {
                                        "TagName": "Traits.Actionable"
                                    },
                                    {
                                        "TagName": "Traits.Usable"
                                    },
                                    {
                                        "TagName": "Traits.Deployable"
                                    },
                                    {
                                        "TagName": "Traits.Durable"
                                    },
                                    {
                                        "TagName": "Traits.Floatable"
                                    }
                                ],
                                "ParentTags": []
                            }
                        }
                    ]
                },
                {
                    "CurrentFile": "Items-D_ItemTemplate.json",
                    "File_Items": [
                        {
                            "Name": "TempName",
                            "ItemStaticData": {
                                "RowName": "TempName"
                            }
                        }
                    ]
                },
                {
                    "CurrentFile": "Traits-D_Deployable.json",
                    "File_Items": [
                        {
                            "Name": "TempName",
                            "Variants": [
                                {
                                    "RowName": "TempName",
                                    "DataTableName": "D_DeployableSetup"
                                }
                            ],
                            "EffectedByWeather": false
                        }
                    ]
                },
                {
                    "CurrentFile": "Traits-D_Itemable.json",
                    "File_Items": [
                        {
                            "Name": "Item_TempName",
                            "DisplayName": "NSLOCTEXT(\"D_Itemable\", \"Item_TempName-DisplayName\", \"TempName\")",
                            "Icon": "/Game/Assets/2DArt/UI/Items/Item_Icons/Deployables/ITEM_TempName.ITEM_TempName",
                            "Description": "NSLOCTEXT(\"D_Itemable\", \"Item_TempName-Description\", \"A short description of item.\")",
                            "FlavorText": "NSLOCTEXT(\"D_Itemable\", \"Item_TempName-FlavorText\", \"A more elaborate description of item.\")",
                            "Weight": 100,
                            "MaxStack": 20
                        }
                    ]
                },
                {
                    "CurrentFile": "Traits-D_Meshable.json",
                    "File_Items": [
                        {
                            "Name": "Mesh_TempName",
                            "ItemMesh": "/Game/ASS/KIT/SM_KIT_Person.SM_KIT_Person",
                            "EquipHandMesh": "/Game/Assets/3DArt/Interactables/Items/DummyCube/SK_dummy_cube.SK_dummy_cube",
                            "DeployableActor": "/Game/BP/BP_TempName.BP_TempName_C"
                        }
                    ]
                },
                {
                    "CurrentFile": "EndOfMod"
                }
            ]
        },
        {
            "Name": "Consumable Item",
            "Rows": [
                {
                    "CurrentFile": "Crafting-D_ProcessorRecipes.json",
                    "File_Items": [
                        {
                            "Name": "TempName",
                            "Requirement": {
                                "RowName": "Stone_Pickaxe"
                            },
                            "RequiredMillijoules": 1,
                            "RecipeSets": [
                                {
                                    "RowName": "Character",
                                    "DataTableName": "D_RecipeSets"
                                }
                            ],
                            "ResourceCostMultipliers": [],
                            "Inputs": [
                                {
                                    "Element": {
                                        "RowName": "Wood",
                                        "DataTableName": "D_ItemsStatic"
                                    },
                                    "Count": 0,
                                    "DynamicProperties": []
                                }
                            ],
                            "Outputs": [
                                {
                                    "Element": {
                                        "RowName": "TempName",
                                        "DataTableName": "D_ItemTemplate"
                                    },
                                    "Count": 1,
                                    "DynamicProperties": []
                                }
                            ],
                            "Audio": {
                                "RowName": "Default"
                            }
                        }
                    ]
                },
                {
                    "CurrentFile": "Items-D_ItemsStatic.json",
                    "File_Items": [
                        {
                            "Name": "TempName",
                            "Meshable": {
                                "RowName": "Mesh_TempName"
                            },
                            "Itemable": {
                                "RowName": "Item_TempName"
                            },
                            "Interactable": {
                                "RowName": "Item"
                            },
                            "Highlightable": {
                                "RowName": "Generic"
                            },
                            "Actionable": {
                                "RowName": "Generic_Consumable"
                            },
                            "Consumable": {
                                "RowName": "TempName"
                            },
                            "Usable": {
                                "RowName": "Consume_Stack_FoodWater"
                            },
                            "Floatable": {
                                "RowName": "LightItem"
                            },
                            "Decayable": {
                                "RowName": "Decay_MetaItem"
                            },
                            "Audio": {
                                "RowName": "Default"
                            },
                            "CraftingExperience": 1000,
                            "Manual_Tags": {
                                "GameplayTags": [
                                    {
                                        "TagName": "Item.Meta.Consumable"
                                    }
                                ]
                            },
                            "Generated_Tags": {
                                "GameplayTags": [
                                    {
                                        "TagName": "Item.Meta.Consumable"
                                    },
                                    {
                                        "TagName": "Traits.Meshable"
                                    },
                                    {
                                        "TagName": "Traits.Itemable"
                                    },
                                    {
                                        "TagName": "Traits.Interactable"
                                    },
                                    {
                                        "TagName": "Traits.Highlightable"
                                    },
                                    {
                                        "TagName": "Traits.Consumable"
                                    },
                                    {
                                        "TagName": "Traits.Usable"
                                    },
                                    {
                                        "TagName": "Traits.Floatable"
                                    }
                                ],
                                "ParentTags": []
                            }
                        }
                    ]
                },
                {
                    "CurrentFile": "Items-D_ItemTemplate.json",
                    "File_Items": [
                        {
                            "Name": "TempName",
                            "ItemStaticData": {
                                "RowName": "TempName"
                            }
                        }
                    ]
                },
                {
                    "CurrentFile": "Traits-D_Consumable.json",
                    "File_Items": [
                        {
                            "Name": "TempName",
                            "Modifier": {
                                "ModifierLifetime": 0
                            },
                            "Byproducts": [
                                {
                                    "RowName": "Flashlight",
                                    "DataTableName": "D_ItemTemplate"
                                }
                            ]
                        }
                    ]
                },
                {
                    "CurrentFile": "Traits-D_Itemable.json",
                    "File_Items": [
                        {
                            "Name": "Item_TempName",
                            "DisplayName": "NSLOCTEXT(\"D_Itemable\", \"Item_TempName-DisplayName\", \"TempName\")",
                            "Icon": "/Game/Assets/2DArt/UI/Items/Item_Icons/Deployables/ITEM_TempName.ITEM_TempName",
                            "Description": "NSLOCTEXT(\"D_Itemable\", \"Item_TempName-Description\", \"TempName Description.\")",
                            "FlavorText": "NSLOCTEXT(\"D_Itemable\", \"Item_TempName-FlavorText\", \"More details about Item!\")",
                            "Weight": 10,
                            "MaxStack": 20
                        }
                    ]
                },
                {
                    "CurrentFile": "EndOfMod"
                }
            ]
        },
        {
            "Name": "Building Piece",
            "Rows": [
                {
                    "CurrentFile": "Crafting-D_ProcessorRecipes.json",
                    "File_Items": [
                        {
                            "Name": "TempName",
                            "RecipeSets": [
                                {
                                    "RowName": "Character",
                                    "DataTableName": "D_RecipeSets"
                                }
                            ],
                            "ResourceCostMultipliers": [
                                {
                                    "Value": "BaseWoodBuildingCraftingCost_+%"
                                }
                            ],
                            "Inputs": [
                                {
                                    "Element": {
                                        "RowName": "Fiber",
                                        "DataTableName": "D_ItemsStatic"
                                    },
                                    "Count": 0,
                                    "DynamicProperties": []
                                }
                            ],
                            "Outputs": [
                                {
                                    "Element": {
                                        "RowName": "TempName",
                                        "DataTableName": "D_ItemTemplate"
                                    },
                                    "Count": 1,
                                    "DynamicProperties": [],
                                    "Alterations": []
                                }
                            ],
                            "Audio": {
                                "RowName": "Default"
                            }
                        }
                    ]
                },
                {
                    "CurrentFile": "Items-D_ItemsStatic.json",
                    "File_Items": [
                        {
                            "Name": "TempName",
                            "Meshable": {
                                "RowName": "Mesh_Wood_Kit"
                            },
                            "Itemable": {
                                "RowName": "Item_TempName"
                            },
                            "Interactable": {
                                "RowName": "Item"
                            },
                            "Hitable": {
                                "RowName": "Building"
                            },
                            "Focusable": {
                                "RowName": "Focusable_1H"
                            },
                            "Highlightable": {
                                "RowName": "Generic"
                            },
                            "Actionable": {
                                "RowName": "Building"
                            },
                            "Buildable": {
                                "RowName": "TempName"
                            },
                            "Usable": {
                                "RowName": "Place"
                            },
                            "Durable": {
                                "RowName": "ReinforcedWood_Building"
                            },
                            "Decayable": {
                                "RowName": "Decay_General"
                            },
                            "Flammable": {
                                "RowName": "Flammable_Building_Wood"
                            },
                            "Audio": {
                                "RowName": "WoodDeployable"
                            },
                            "Manual_Tags": {
                                "GameplayTags": [
                                    {
                                        "TagName": "Building.Wood"
                                    },
                                    {
                                        "TagName": "Audio.Shelter"
                                    }
                                ]
                            },
                            "Generated_Tags": {
                                "GameplayTags": [
                                    {
                                        "TagName": "Building.Wood"
                                    },
                                    {
                                        "TagName": "Audio.Shelter"
                                    },
                                    {
                                        "TagName": "Traits.Meshable"
                                    },
                                    {
                                        "TagName": "Traits.Itemable"
                                    },
                                    {
                                        "TagName": "Traits.Interactable"
                                    },
                                    {
                                        "TagName": "Traits.Hitable"
                                    },
                                    {
                                        "TagName": "Traits.Highlightable"
                                    },
                                    {
                                        "TagName": "Traits.Actionable"
                                    },
                                    {
                                        "TagName": "Traits.Buildable"
                                    },
                                    {
                                        "TagName": "Traits.Usable"
                                    },
                                    {
                                        "TagName": "Traits.Durable"
                                    },
                                    {
                                        "TagName": "Traits.Flammable"
                                    }
                                ],
                                "ParentTags": []
                            }
                        }
                    ]
                },
                {
                    "CurrentFile": "Traits-D_Itemable.json",
                    "File_Items": [
                        {
                            "Name": "Item_TempName",
                            "DisplayName": "NSLOCTEXT(\"D_Itemable\", \"Item_TempName-DisplayName\", \"TempName\")",
                            "Icon": "/Game/Assets/2DArt/UI/Items/Item_Icons/Buildables/ITEM_TempName_0.ITEM_TempName_0",
                            "Description": "NSLOCTEXT(\"D_Itemable\", \"Item_TempName-Description\", \"A wooden TempName (Hold \\'R\\' for variants).\")",
                            "FlavorText": "NSLOCTEXT(\"D_Itemable\", \"Item_TempName-FlavorText\", \"Wood structures withstand light storms without damage. Can be repaired with a repair hammer.\")",
                            "Weight": 500,
                            "MaxStack": 20
                        }
                    ]
                },
                {
                    "CurrentFile": "Traits-D_Buildable.json",
                    "File_Items": [
                        {
                            "Name": "TempName",
                            "Stability": {
                                "RowName": "Wood_General"
                            },
                            "Type": {
                                "RowName": "Wood"
                            },
                            "PieceType": "Wall",
                            "Variations": [
                                {
                                    "Requirement": {
                                        "RowName": "None",
                                        "DataTableName": "D_Talents"
                                    },
                                    "Piece": {
                                        "RowName": "TempName",
                                        "DataTableName": "D_BuildingPieces"
                                    }
                                }
                            ]
                        }
                    ]
                },
                {
                    "CurrentFile": "Building-D_BuildingPieces.json",
                    "File_Items": [
                        {
                            "Name": "TempName",
                            "Type": {
                                "RowName": "Wall_Solid"
                            },
                            "Icon": "",
                            "Blueprint": "/Game/BP/Building/Wood/BP_TempName.BP_TempName_C",
                            "Audio": {
                                "RowName": "Wood"
                            }
                        }
                    ]
                },
                {
                    "CurrentFile": "EndOfMod"
                }
            ]
        },
        {
            "Name": "Electric Generator",
            "Rows": [
                {
                    "CurrentFile": "Crafting-D_ProcessorRecipes.json",
                    "File_Items": [
                        {
                            "Name": "TempName",
                            "RequiredMillijoules": 100,
                            "RecipeSets": [
                                {
                                    "RowName": "Character",
                                    "DataTableName": "D_RecipeSets"
                                }
                            ],
                            "Inputs": [
                                {
                                    "Element": {
                                        "RowName": "Fiber",
                                        "DataTableName": "D_ItemsStatic"
                                    },
                                    "Count": 0,
                                    "DynamicProperties": []
                                }
                            ],
                            "Outputs": [
                                {
                                    "Element": {
                                        "RowName": "TempName",
                                        "DataTableName": "D_ItemTemplate"
                                    },
                                    "Count": 1,
                                    "DynamicProperties": [],
                                    "Alterations": []
                                }
                            ],
                            "Audio": {
                                "RowName": "MachiningBench"
                            }
                        }
                    ]
                },
                {
                    "CurrentFile": "Items-D_ItemsStatic.json",
                    "File_Items": [
                        {
                            "Name": "TempName",
                            "Meshable": {
                                "RowName": "Mesh_TempName"
                            },
                            "Itemable": {
                                "RowName": "Item_TempName"
                            },
                            "Interactable": {
                                "RowName": "Deployable_Power_Toggle_Only"
                            },
                            "Focusable": {
                                "RowName": "Focusable_1H"
                            },
                            "Highlightable": {
                                "RowName": "Generic"
                            },
                            "Actionable": {
                                "RowName": "Deployable"
                            },
                            "Usable": {
                                "RowName": "Place"
                            },
                            "Deployable": {
                                "RowName": "TempName"
                            },
                            "Durable": {
                                "RowName": "Deployable_2500"
                            },
                            "Decayable": {
                                "RowName": "Decay_10_Minutes"
                            },
                            "Resource": {
                                "RowName": "TempName"
                            },
                            "Manual_Tags": {
                                "GameplayTags": [
                                    {
                                        "TagName": "Item.ResourceGenerator.Energy"
                                    }
                                ]
                            },
                            "Generated_Tags": {
                                "GameplayTags": [
                                    {
                                        "TagName": "Item.ResourceGenerator.Energy"
                                    },
                                    {
                                        "TagName": "Traits.Meshable"
                                    },
                                    {
                                        "TagName": "Traits.Itemable"
                                    },
                                    {
                                        "TagName": "Traits.Interactable"
                                    },
                                    {
                                        "TagName": "Traits.Highlightable"
                                    },
                                    {
                                        "TagName": "Traits.Actionable"
                                    },
                                    {
                                        "TagName": "Traits.Usable"
                                    },
                                    {
                                        "TagName": "Traits.Deployable"
                                    },
                                    {
                                        "TagName": "Traits.Durable"
                                    }
                                ],
                                "ParentTags": []
                            }
                        }
                    ]
                },
                {
                    "CurrentFile": "Traits-D_Meshable.json",
                    "File_Items": [
                        {
                            "Name": "Mesh_TempName",
                            "ItemMesh": "/Game/ASS/DEP/SM_TempName.SM_TempName",
                            "EquipHandMesh": "/Game/Assets/3DArt/Interactables/Items/DummyCube/SK_dummy_cube.SK_dummy_cube",
                            "DeployableActor": "/Game/BP/Objects/World/Items/Deployables/Wind/BP_TempName.BP_TempName_C"
                        }
                    ]
                },
                {
                    "CurrentFile": "Traits-D_Itemable.json",
                    "File_Items": [
                        {
                            "Name": "Item_TempName",
                            "DisplayName": "NSLOCTEXT(\"D_Itemable\", \"Item_TempName-DisplayName\", \"TempName\")",
                            "Icon": "/Game/Assets/2DArt/UI/Items/Item_Icons/Deployables/ITEM_TempName.ITEM_TempName",
                            "Description": "NSLOCTEXT(\"D_Itemable\", \"Item_TempName-Description\", \"A device that will generate electricity for your work.\")",
                            "FlavorText": "NSLOCTEXT(\"D_Itemable\", \"Item_TempName-FlavorText\", \"Created in IMM\")",
                            "Weight": 1000,
                            "MaxStack": 20
                        }
                    ]
                },
                {
                    "CurrentFile": "Traits-D_Deployable.json",
                    "File_Items": [
                        {
                            "Name": "TempName",
                            "Variants": [
                                {
                                    "RowName": "TempName",
                                    "DataTableName": "D_DeployableSetup"
                                }
                            ],
                            "EffectedByWeather": false
                        }
                    ]
                },
                {
                    "CurrentFile": "Deployables-D_DeployableSetup.json",
                    "File_Items": [
                        {
                            "Name": "TempName",
                            "DeployableBlueprint": "/Game/BP/Objects/World/Items/Deployables/Wind/BP_TempName.BP_TempName_C",
                            "PreviewStaticMesh": "/Game/ASS/DEP/SM_TempName.SM_TempName",
                            "DeployedSound": "/Game/FMOD/Events/SFX/D_Buildables/SFX_BLD_METAL.SFX_BLD_METAL"
                        }
                    ]
                },
                {
                    "CurrentFile": "Traits-D_Resource.json",
                    "File_Items": [
                        {
                            "Name": "TempName",
                            "bHasEnergyConnection": true,
                            "EnergyFlow": {
                                "RowName": "TempName"
                            }
                        }
                    ]
                },
                {
                    "CurrentFile": "Traits-D_Energy.json",
                    "File_Items": [
                        {
                            "Name": "TempName",
                            "FlowType": "Produce",
                            "ResourceFlowRate": 1750
                        }
                    ]
                },
                {
                    "CurrentFile": "EndOfMod"
                }
            ]
        },
        {
            "Name": "Water Pump",
            "Rows": [
                {
                    "CurrentFile": "Crafting-D_ProcessorRecipes.json",
                    "File_Items": [
                        {
                            "Name": "TempName",
                            "RequiredMillijoules": 1,
                            "RecipeSets": [
                                {
                                    "RowName": "Character",
                                    "DataTableName": "D_RecipeSets"
                                }
                            ],
                            "Inputs": [
                                {
                                    "Element": {
                                        "RowName": "Fiber",
                                        "DataTableName": "D_ItemsStatic"
                                    },
                                    "Count": 0,
                                    "DynamicProperties": []
                                }
                            ],
                            "Outputs": [
                                {
                                    "Element": {
                                        "RowName": "TempName",
                                        "DataTableName": "D_ItemTemplate"
                                    },
                                    "Count": 1,
                                    "DynamicProperties": [],
                                    "Alterations": []
                                }
                            ],
                            "Audio": {
                                "RowName": "MachiningBench"
                            }
                        }
                    ]
                },
                {
                    "CurrentFile": "Items-D_ItemTemplate.json",
                    "File_Items": [
                        {
                            "Name": "TempName",
                            "ItemStaticData": {
                                "RowName": "TempName"
                            }
                        }
                    ]
                },
                {
                    "CurrentFile": "Items-D_ItemsStatic.json",
                    "File_Items": [
                        {
                            "Name": "TempName",
                            "Meshable": {
                                "RowName": "Mesh_TempName"
                            },
                            "Itemable": {
                                "RowName": "Item_TempName"
                            },
                            "Interactable": {
                                "RowName": "Deployable_Power_Toggle_Only"
                            },
                            "Focusable": {
                                "RowName": "Focusable_1H"
                            },
                            "Highlightable": {
                                "RowName": "Generic"
                            },
                            "Actionable": {
                                "RowName": "Deployable"
                            },
                            "Usable": {
                                "RowName": "Place"
                            },
                            "Deployable": {
                                "RowName": "TempName"
                            },
                            "Durable": {
                                "RowName": "Deployable_2000"
                            },
                            "Decayable": {
                                "RowName": "Decay_10_Minutes"
                            },
                            "Generator": {
                                "RowName": "TempName"
                            },
                            "Resource": {
                                "RowName": "TempName"
                            },
                            "Audio": {
                                "RowName": "MetalDeployable"
                            },
                            "Manual_Tags": {
                                "GameplayTags": [
                                    {
                                        "TagName": "FieldGuide.ResourceNetwork"
                                    },
                                    {
                                        "TagName": "item.ResourceGenerator.Water"
                                    }
                                ]
                            },
                            "Generated_Tags": {
                                "GameplayTags": [
                                    {
                                        "TagName": "FieldGuide.ResourceNetwork"
                                    },
                                    {
                                        "TagName": "item.ResourceGenerator.Water"
                                    },
                                    {
                                        "TagName": "Traits.Meshable"
                                    },
                                    {
                                        "TagName": "Traits.Itemable"
                                    },
                                    {
                                        "TagName": "Traits.Interactable"
                                    },
                                    {
                                        "TagName": "Traits.Highlightable"
                                    },
                                    {
                                        "TagName": "Traits.Actionable"
                                    },
                                    {
                                        "TagName": "Traits.Usable"
                                    },
                                    {
                                        "TagName": "Traits.Deployable"
                                    },
                                    {
                                        "TagName": "Traits.Durable"
                                    }
                                ],
                                "ParentTags": []
                            }
                        }
                    ]
                },
                {
                    "CurrentFile": "Traits-D_Meshable.json",
                    "File_Items": [
                        {
                            "Name": "Mesh_TempName",
                            "ItemMesh": "/Game/ASS/KIT/SM_KIT_Machining.SM_KIT_Machining",
                            "EquipHandMesh": "/Game/Assets/3DArt/Interactables/Items/DummyCube/SK_dummy_cube.SK_dummy_cube",
                            "DeployableActor": "/Game/BP/Objects/World/Items/Deployables/Pump/BP_TempName.BP_TempName_C"
                        }
                    ]
                },
                {
                    "CurrentFile": "Traits-D_Itemable.json",
                    "File_Items": [
                        {
                            "Name": "Item_TempName",
                            "DisplayName": "NSLOCTEXT(\"D_Itemable\", \"Item_TempName-DisplayName\", \"TempName\")",
                            "Icon": "/Game/Assets/2DArt/UI/Items/Item_Icons/Deployables/ITEM_TempName.ITEM_TempName",
                            "Description": "NSLOCTEXT(\"D_Itemable\", \"Item_TempName-Description\", \"A water pump useful for creating water networks.\")",
                            "Weight": 1000,
                            "MaxStack": 20
                        }
                    ]
                },
                {
                    "CurrentFile": "Traits-D_Deployable.json",
                    "File_Items": [
                        {
                            "Name": "TempName",
                            "Variants": [
                                {
                                    "RowName": "TempName",
                                    "DataTableName": "D_DeployableSetup"
                                }
                            ],
                            "EffectedByWeather": false
                        }
                    ]
                },
                {
                    "CurrentFile": "Deployables-D_DeployableSetup.json",
                    "File_Items": [
                        {
                            "Name": "TempName",
                            "DeployableBlueprint": "/Game/BP/Objects/World/Items/Deployables/Pump/BP_TempName.BP_TempName_C",
                            "PreviewStaticMesh": "/Game/ASS/DEP/SM_TempName.SM_TempName",
                            "DeployedSound": "/Game/FMOD/Events/SFX/D_Deployables/SFX_DEPLOY_WATER_ITEM.SFX_DEPLOY_WATER_ITEM",
                            "SnapToSurfaceNormal": false,
                            "WorldPlacementType": "WaterPlacement"
                        }
                    ]
                },
                {
                    "CurrentFile": "Traits-D_Generator.json",
                    "File_Items": [
                        {
                            "Name": "TempName",
                            "Resource": {
                                "Value": "Water"
                            },
                            "TransmutableResources": [
                                {
                                    "Value": "Energy"
                                }
                            ],
                            "RequiresManualActivation": false,
                            "OutOfFuelThresholdPercent": -1
                        }
                    ]
                },
                {
                    "CurrentFile": "Traits-D_Resource.json",
                    "File_Items": [
                        {
                            "Name": "TempName",
                            "bHasEnergyConnection": true,
                            "EnergyFlow": {
                                "RowName": "Auto_Shutoff_At_0"
                            },
                            "bHasWaterConnection": true
                        }
                    ]
                },
                {
                    "CurrentFile": "EndOfMod"
                }
            ]
        },
        {
            "Name": "EndofFile"
        }
    ]
}
